{
  "mining_wallet": {
    "enabled": false,
    "wallet_address": "",
    "balance": 100,
    "currency": "GBP",
    "mining_rate": 0.5,
    "update_interval": 300,
    "last_update": null,
    "supported_cryptos": [
      "BTC",
      "ETH",
      "USDT",
      "USDC",
      "BNB"
    ],
    "auto_withdrawal": {
      "enabled": false,
      "threshold": 1000,
      "target_address": ""
    }
  },
  "transaction_history": [],
  "mining_stats": {
    "total_mined": 0,
    "total_withdrawals": 0,
    "start_date": null,
    "active_minutes": 0
  }
}